{
  "gateway": {
    "id": "gateway_001",
    "version": "2.0.0",
    "location": "default_location",
    "client": "default_client",
    "streaming_pipeline_enabled": true,
    "lan_ip": "127.0.0.1"
  },
  "client_config": {
    "client_id": "client_001",
    "client_name": "Default Client",
    "location": "Default Location",
    "contact_info": {
      "primary_contact": "Admin",
      "email": "admin@example.com",
      "phone": "+1-555-0000"
    },
    "installation_config": {
      "service_name": "GatewayLaneService",
      "startup_type": "automatic",
      "install_path": "C:\\Program Files\\GatewayLaneService"
    },
    "network_config": {
      "lan_ip_range": "192.168.1.0/24",
      "required_ports": [8080, 5999, 4376, 9000],
      "proxy_config": {
        "enabled": true,
        "proxy_url": "ws://localhost:8081"
      }
    }
  },
  "licensing": {
    "license_key": "default_license_key",
    "license_type": "basic",
    "max_lanes": 1,
    "max_devices_per_lane": 3,
    "features": {
      "sdk_integration": false,
      "session_management": true,
      "analytics_api": false,
      "advanced_monitoring": false,
      "streaming_pipeline": true,
      "offline_capable": true
    },
    "grace_period_days": 7
  },
  "streaming_pipeline": {
    "global_config": {
      "tcp_pipeline_host": "127.0.0.1",
      "tcp_pipeline_port": 9000,
      "connection_timeout": 5,
      "reconnect_attempts": 3,
      "reconnect_delay": 1,
      "ping_interval": 30
    }
  },
  "monitoring": {
    "gateway_monitoring": {
      "health_check_interval": 30,
      "metrics_collection": true,
      "log_level": "INFO",
      "monitor_lanes": true,
      "monitor_devices": true,
      "device_heartbeat_interval": 60
    }
  }
}
