{
  "lane_id": "lane_001",
  "register_id": "register_101",
  "cashier_id": "cashier_001",
  "location": "main_floor",
  "client": "default_client",
  "license_required": true,
  "license_status": "active",
  "activation_date": "2024-12-19T00:00:00Z",
  "expiration_date": "2025-12-19T00:00:00Z",
  
  "data_flow_config": {
    "live_streaming_enabled": true,
    "pipeline_mode": "transaction_wrapped",
    "delimiters": {
      "enabled": true,
      "start_transaction": "START_TRANSACTION: {transaction_id}",
      "end_transaction": "END_TRANSACTION: {transaction_id}",
      "transaction_timeout": 300,
      "auto_detect_boundaries": true
    }
  },
  
  "devices": {
    "pos": {
      "device_type": "infogenesis",
      "connection_type": "socket",
      "handshake_required": true,
      "protocol": "udp",
      "socket_config": {
        "type": "udp",
        "mode": "listen",
        "host": "0.0.0.0",
        "port": 5999,
        "protocol": "raw",
        "timeout": 30
      },
      "terminals": [
        {
          "term_id": 101,
          "term_ip": "127.0.0.1",
          "status": "active"
        }
      ]
    }
  },
  
  "sessionizer": {
    "enabled": true,
    "timeout": 300,
    "expected_sequence": ["pos"],
    "correlation_window": 60,
    "retry_attempts": 3,
    "grace_period": 30
  },
  
  "outputs": {
    "live_events": {
      "enabled": true,
      "destinations": ["web_ui"],
      "format": "real_time",
      "filter": "all_events"
    },
    "streaming_pipeline": {
      "enabled": true,
      "tcp_pipeline_host": "127.0.0.1",
      "tcp_pipeline_port": 9000,
      "connection_timeout": 5,
      "reconnect_attempts": 3,
      "reconnect_delay": 1,
      "ping_interval": 30
    }
  }
}
