{
  "analytics_api": {
    "enabled": false,
    "base_url": "https://test.example.com",
    "api_key": "test_key",
    "auth_token": null,
    "timeout": 30,
    "max_retries": 3,
    "retry_delay": 1.0,
    "batch_size": 100,
    "batch_timeout": 5.0,
    "rate_limit": 1000,
    "queue_file": "analytics_queue.json",
    "enable_offline_queue": true
  },
  "endpoints": {
    "transactions": {
      "enabled": true,
      "priority": 2,
      "batch_size": 50
    },
    "metrics": {
      "enabled": true,
      "priority": 1,
      "batch_size": 100
    },
    "events": {
      "enabled": true,
      "priority": 1,
      "batch_size": 200
    },
    "health": {
      "enabled": true,
      "priority": 3,
      "batch_size": 10
    }
  },
  "data_formats": {
    "transaction_bundle": {
      "include_metadata": true,
      "include_audit_trail": true,
      "compress_data": false
    },
    "metrics": {
      "include_timestamps": true,
      "include_tags": true
    },
    "events": {
      "include_context": true,
      "include_correlation_ids": true
    }
  }
}