{
  "gateway": {
    "id": "gateway_001",
    "version": "2.0.0",
    "location": "main_casino",
    "client": "casino_royale"
  },
  "licensing": {
    "license_key": "encrypted_license_key_here",
    "license_type": "professional",
    "max_lanes": 10,
    "max_devices_per_lane": 5,
    "features": {
      "sdk_integration": true,
      "session_management": true,
      "analytics_api": true,
      "advanced_monitoring": true
    },
    "grace_period_days": 7,
    "auto_renewal": true,
    "billing_cycle": "monthly"
  },
  "lanes": {
    "lane_1": {
      "lane_id": "lane_1",
      "register_id": "register_101",
      "cashier_id": "cashier_001",
      "location": "main_floor",
      "client": "casino_royale",
      "license_required": true,
      "license_status": "active",
      "activation_date": "2024-12-01T00:00:00Z",
      "expiration_date": "2025-01-01T00:00:00Z",
      "grace_period_until": "2025-01-08T00:00:00Z",
      "devices": {
        "pos": {
          "device_type": "verifone_terminal",
          "connection_type": "sdk",
          "sdk_config": {
            "sdk_type": "python",
            "module": "verifone_sdk",
            "version": "2.1.0",
            "connection_params": {
              "port": "/dev/ttyUSB0",
              "baud_rate": 9600
            }
          }
        },
        "drawer": {
          "device_type": "cash_drawer",
          "connection_type": "socket",
          "socket_config": {
            "type": "tcp",
            "mode": "connect",
            "host": "192.168.1.50",
            "port": 8080,
            "protocol": "raw",
            "timeout": 30
          }
        },
        "safe": {
          "device_type": "safe_deposit",
          "connection_type": "socket",
          "socket_config": {
            "type": "udp",
            "mode": "listen",
            "host": "0.0.0.0",
            "port": 9999,
            "protocol": "raw",
            "timeout": 30
          }
        }
      },
      "sessionizer": {
        "enabled": true,
        "timeout": 300,
        "expected_sequence": ["pos", "drawer", "safe"],
        "correlation_window": 60,
        "retry_attempts": 3,
        "grace_period": 30
      },
      "outputs": {
        "live_events": {
          "enabled": true,
          "destinations": ["web_ui", "multicast"],
          "format": "real_time",
          "filter": "all_events"
        },
        "transaction_bundles": {
          "enabled": true,
          "destinations": ["analytics_api", "local_storage"],
          "format": "transaction_bundle",
          "retention_days": 90
        },
        "simple_outputs": [
          {
            "name": "pos_data_tcp",
            "type": "tcp",
            "host": "192.168.1.100",
            "port": 8080,
            "filter": "pos_events_only",
            "format": "raw"
          }
        ]
      }
    },
    "lane_2": {
      "lane_id": "lane_2",
      "register_id": "register_102",
      "cashier_id": "cashier_002",
      "location": "main_floor",
      "client": "casino_royale",
      "license_required": true,
      "license_status": "active",
      "activation_date": "2024-12-01T00:00:00Z",
      "expiration_date": "2025-01-01T00:00:00Z",
      "grace_period_until": "2025-01-08T00:00:00Z",
      "devices": {
        "pos": {
          "device_type": "ingenico_terminal",
          "connection_type": "sdk",
          "sdk_config": {
            "sdk_type": "cpp",
            "dll_path": "./sdks/ingenico_sdk.dll",
            "version": "1.5.0",
            "connection_params": {
              "ip_address": "192.168.1.101",
              "port": 8080
            }
          }
        },
        "display": {
          "device_type": "customer_display",
          "connection_type": "socket",
          "socket_config": {
            "type": "multicast",
            "mode": "listen",
            "host": "0.0.0.0",
            "port": 5000,
            "group": "224.0.0.1",
            "interface": "eth0"
          }
        }
      },
      "sessionizer": {
        "enabled": false,
        "timeout": 300,
        "expected_sequence": [],
        "correlation_window": 60,
        "retry_attempts": 3,
        "grace_period": 30
      },
      "outputs": {
        "live_events": {
          "enabled": true,
          "destinations": ["web_ui"],
          "format": "real_time",
          "filter": "all_events"
        },
        "transaction_bundles": {
          "enabled": false,
          "destinations": [],
          "format": "transaction_bundle",
          "retention_days": 90
        },
        "simple_outputs": [
          {
            "name": "pos_data_api",
            "type": "api",
            "endpoint": "https://api.example.com/events",
            "filter": "all_events",
            "format": "json"
          }
        ]
      }
    }
  },
  "analytics": {
    "api_endpoint": "https://analytics.example.com/api",
    "api_key": "encrypted_api_key_here",
    "batch_size": 100,
    "retry_attempts": 3
  },
  "monitoring": {
    "health_check_interval": 30,
    "metrics_collection": true,
    "log_level": "INFO"
  }
} 