{
  "gateway": {
    "id": "gateway_001",
    "version": "2.0.0",
    "location": "main_casino",
    "client": "casino_royale",
    "streaming_pipeline_enabled": true,
    "lan_ip": "192.168.1.10"
  },
  "client_config": {
    "client_id": "client_001",
    "client_name": "Casino Royale",
    "location": "Las Vegas, NV",
    "contact_info": {
      "primary_contact": "John Doe",
      "email": "john@casinoroyale.com",
      "phone": "+1-555-0123",
      "technical_contact": "Jane Smith",
      "technical_email": "jane@casinoroyale.com"
    },
    "installation_config": {
      "service_name": "GulfCoastGateway",
      "startup_type": "automatic",
      "install_path": "C:\\Program Files\\GulfCoast\\Gateway",
      "log_path": "C:\\Program Files\\GulfCoast\\Gateway\\logs",
      "data_path": "C:\\Program Files\\GulfCoast\\Gateway\\data",
      "backup_path": "C:\\Program Files\\GulfCoast\\Gateway\\backup"
    },
    "network_config": {
      "lan_ip_range": "192.168.1.0/24",
      "required_ports": [8080, 5999, 4376, 9000],
      "firewall_rules": ["allow_8080", "allow_5999", "allow_4376", "allow_9000"],
      "proxy_config": {
        "enabled": false,
        "proxy_url": "",
        "proxy_credentials": ""
      }
    },
    "system_requirements": {
      "min_ram": "4GB",
      "min_disk_space": "10GB",
      "os_requirements": ["Windows 10", "Windows Server 2016"],
      "dotnet_version": "6.0",
      "python_version": "3.8"
    },
    "installation_status": {
      "configured_by_employee": false,
      "configured_at": null,
      "configured_by": null,
      "installation_ready": false,
      "installation_completed": false,
      "installation_date": null
    },
    "data_flow_config": {
      "live_streaming_enabled": true,
      "live_streaming_temporary": false,
      "pipeline_mode": "transaction_wrapped",
      "pipeline_config": {
        "transaction_wrapped": {
          "enabled": true,
          "start_transaction_template": "START_TRANSACTION: {transaction_id}",
          "end_transaction_template": "END_TRANSACTION: {transaction_id}",
          "transaction_timeout": 300,
          "auto_detect_boundaries": true
        },
        "direct_data": {
          "enabled": false,
          "stream_directly": true,
          "minimal_processing": true,
          "no_transaction_wrapping": true
        }
      },
      "output_config": {
        "analytics_api_enabled": false,
        "external_systems": [
          {
            "name": "Video System",
            "type": "tcp",
            "host": "192.168.1.100",
            "port": 9000,
            "enabled": true,
            "requires_transaction_wrapping": true,
            "connection_timeout": 30,
            "retry_attempts": 3
          },
          {
            "name": "Accounting System",
            "type": "udp",
            "host": "192.168.1.101",
            "port": 5999,
            "enabled": true,
            "requires_transaction_wrapping": false,
            "connection_timeout": 15,
            "retry_attempts": 2
          }
        ]
      },
      "performance_config": {
        "expected_volume": "medium",
        "target_latency_ms": 50,
        "target_throughput_msgs_per_sec": 1000,
        "resource_optimization": "balanced"
      }
    }
  },
  "licensing": {
    "license_key": "encrypted_license_key_here",
    "license_type": "professional",
    "max_lanes": 10,
    "max_devices_per_lane": 5,
    "features": {
      "sdk_integration": true,
      "session_management": true,
      "analytics_api": true,
      "advanced_monitoring": true,
      "streaming_pipeline": true,
      "offline_capable": true
    },
    "grace_period_days": 7,
    "auto_renewal": true,
    "billing_cycle": "monthly",
    "security": {
      "hardware_fingerprint": "encrypted_hw_id",
      "digital_signature": "digital_signature_here",
      "encryption_key": "encrypted_key_here",
      "offline_validation": true,
      "license_file_path": "license.json"
    }
  },
  "lanes": {
    "lane_1": {
      "lane_id": "lane_1",
      "register_id": "register_101",
      "cashier_id": "cashier_001",
      "location": "main_floor",
      "client": "casino_royale",
      "license_required": true,
      "license_status": "active",
      "activation_date": "2024-12-01T00:00:00Z",
      "expiration_date": "2025-01-01T00:00:00Z",
      "grace_period_until": "2025-01-08T00:00:00Z",
      "devices": {
        "pos": {
          "device_type": "infogenesis",
          "connection_type": "socket",
          "handshake_required": true,
          "protocol": "udp",
          "socket_config": {
            "type": "udp",
            "mode": "listen",
            "host": "0.0.0.0",
            "port": 5999,
            "protocol": "raw",
            "timeout": 30
          },
          "streaming_config": {
            "enabled": true,
            "device_type": "infogenesis",
            "handshake_required": true,
            "protocol": "udp",
            "connection_type": "listen",
            "ip_connection": "0.0.0.0",
            "port_connection": 5999,
            "tcp_pipeline_host": "192.168.1.200",
            "tcp_pipeline_port": 9000,
            "transaction_timeout": 30,
            "terminal_id": "INFO001",
            "terminal_ip": "192.168.1.101",
            "handshake_timeout": 10,
            "handshake_retries": 3,
            "terminal_output_mapping": {
              "INFO001": "sublane_1",
              "INFO002": "sublane_2"
            },
            "streaming_config": {
              "buffer_size": 1024,
              "chunk_timeout": 5,
              "end_detection": "marker_based"
            }
          },
          "terminals": [
            {
              "term_id": 101,
              "term_ip": "192.168.1.101"
            },
            {
              "term_id": 102,
              "term_ip": "192.168.1.102"
            }
          ]
        },
        "drawer": {
          "device_type": "cash_drawer",
          "connection_type": "socket",
          "socket_config": {
            "type": "tcp",
            "mode": "connect",
            "host": "192.168.1.50",
            "port": 8080,
            "protocol": "raw",
            "timeout": 30
          }
        },
        "safe": {
          "device_type": "safe_deposit",
          "connection_type": "socket",
          "socket_config": {
            "type": "udp",
            "mode": "listen",
            "host": "0.0.0.0",
            "port": 9999,
            "protocol": "raw",
            "timeout": 30
          }
        }
      },
      "sessionizer": {
        "enabled": true,
        "timeout": 300,
        "expected_sequence": ["pos", "drawer", "safe"],
        "correlation_window": 60,
        "retry_attempts": 3,
        "grace_period": 30
      },
      "outputs": {
        "live_events": {
          "enabled": true,
          "destinations": ["web_ui", "multicast"],
          "format": "real_time",
          "filter": "all_events"
        },
        "transaction_bundles": {
          "enabled": true,
          "destinations": ["analytics_api", "local_storage"],
          "format": "transaction_bundle",
          "retention_days": 90
        },
        "streaming_pipeline": {
          "enabled": true,
          "tcp_pipeline_host": "192.168.1.200",
          "tcp_pipeline_port": 9000,
          "connection_timeout": 5,
          "reconnect_attempts": 5,
          "reconnect_delay": 1,
          "ping_interval": 30
        },
        "simple_outputs": [
          {
            "name": "pos_data_tcp",
            "type": "tcp",
            "host": "192.168.1.100",
            "port": 8080,
            "filter": "pos_events_only",
            "format": "raw"
          }
        ]
      }
    },
    "lane_2": {
      "lane_id": "lane_2",
      "register_id": "register_102",
      "cashier_id": "cashier_002",
      "location": "main_floor",
      "client": "casino_royale",
      "license_required": true,
      "license_status": "active",
      "activation_date": "2024-12-01T00:00:00Z",
      "expiration_date": "2025-01-01T00:00:00Z",
      "grace_period_until": "2025-01-08T00:00:00Z",
      "devices": {
        "pos": {
          "device_type": "verifone",
          "connection_type": "socket",
          "handshake_required": false,
          "protocol": "tcp",
          "socket_config": {
            "type": "tcp",
            "mode": "listen",
            "host": "0.0.0.0",
            "port": 4376,
            "protocol": "raw",
            "timeout": 30
          },
          "streaming_config": {
            "enabled": true,
            "device_type": "verifone",
            "handshake_required": false,
            "protocol": "tcp",
            "connection_type": "listen",
            "ip_connection": "0.0.0.0",
            "port_connection": 4376,
            "tcp_pipeline_host": "192.168.1.200",
            "tcp_pipeline_port": 9000,
            "transaction_timeout": 30,
            "terminal_id": "VER001",
            "merchant_id": "MERCH001",
            "streaming_config": {
              "buffer_size": 1024,
              "chunk_timeout": 5,
              "end_detection": "marker_based"
            }
          },
          "terminals": [
            {
              "term_id": 201,
              "term_ip": "192.168.1.201"
            },
            {
              "term_id": 202,
              "term_ip": "192.168.1.202"
            }
          ]
        },
        "display": {
          "device_type": "customer_display",
          "connection_type": "socket",
          "socket_config": {
            "type": "multicast",
            "mode": "listen",
            "host": "0.0.0.0",
            "port": 5000,
            "group": "224.0.0.1",
            "interface": "eth0"
          }
        }
      },
      "sessionizer": {
        "enabled": false,
        "timeout": 300,
        "expected_sequence": [],
        "correlation_window": 60,
        "retry_attempts": 3,
        "grace_period": 30
      },
      "outputs": {
        "live_events": {
          "enabled": true,
          "destinations": ["web_ui"],
          "format": "real_time",
          "filter": "all_events"
        },
        "transaction_bundles": {
          "enabled": false,
          "destinations": [],
          "format": "transaction_bundle",
          "retention_days": 90
        },
        "streaming_pipeline": {
          "enabled": true,
          "tcp_pipeline_host": "192.168.1.200",
          "tcp_pipeline_port": 9000,
          "connection_timeout": 5,
          "reconnect_attempts": 5,
          "reconnect_delay": 1,
          "ping_interval": 30
        },
        "simple_outputs": [
          {
            "name": "pos_data_api",
            "type": "api",
            "endpoint": "https://api.example.com/events",
            "filter": "all_events",
            "format": "json"
          }
        ]
      }
    }
  },
  "streaming_pipeline": {
    "global_config": {
      "tcp_pipeline_host": "192.168.1.200",
      "tcp_pipeline_port": 9000,
      "connection_timeout": 5,
      "reconnect_attempts": 5,
      "reconnect_delay": 1,
      "ping_interval": 30
    },
    "streaming_config": {
      "default_buffer_size": 1024,
      "default_chunk_timeout": 5,
      "default_end_detection": "marker_based",
      "transaction_timeout": 30,
      "max_buffer_size": 8192
    },
    "device_types": {
      "infogenesis": {
        "handshake_required": true,
        "protocol": "udp",
        "default_port": 5999,
        "handshake_timeout": 10,
        "handshake_retries": 3
      },
      "verifone": {
        "handshake_required": false,
        "protocol": "tcp",
        "default_port": 4376,
        "transaction_timeout": 30
      }
    }
  },
  "analytics": {
    "api_endpoint": "https://analytics.example.com/api",
    "api_key": "encrypted_api_key_here",
    "batch_size": 100,
    "retry_attempts": 3
  },
  "monitoring": {
    "health_check_interval": 30,
    "metrics_collection": true,
    "log_level": "INFO"
  }
} 