{
  "pos_devices": {
    "verifone_lane1": {
      "device_type": "verifone",
      "handshake_required": false,
      "protocol": "tcp",
      "connection_type": "listen",
      "ip_connection": "192.168.1.100",
      "port_connection": 4376,
      "output_mapping": "output_001",
      "tcp_pipeline_host": "192.168.1.200",
      "tcp_pipeline_port": 9000,
      "transaction_timeout": 30,
      "terminal_id": "VER001",
      "merchant_id": "MERCH001",
      "streaming_config": {
        "buffer_size": 1024,
        "chunk_timeout": 5,
        "end_detection": "marker_based"
      }
    },
    "verifone_lane2": {
      "device_type": "verifone",
      "handshake_required": false,
      "protocol": "tcp",
      "connection_type": "listen",
      "ip_connection": "192.168.1.101",
      "port_connection": 4377,
      "output_mapping": "output_002",
      "tcp_pipeline_host": "192.168.1.200",
      "tcp_pipeline_port": 9000,
      "transaction_timeout": 30,
      "terminal_id": "VER002",
      "merchant_id": "MERCH001",
      "streaming_config": {
        "buffer_size": 1024,
        "chunk_timeout": 5,
        "end_detection": "marker_based"
      }
    },
    "infogenesis_sublane1": {
      "device_type": "infogenesis",
      "handshake_required": true,
      "protocol": "udp",
      "connection_type": "listen",
      "ip_connection": "192.168.1.102",
      "port_connection": 4355,
      "output_mapping": "sublane_1",
      "tcp_pipeline_host": "192.168.1.200",
      "tcp_pipeline_port": 9000,
      "transaction_timeout": 30,
      "terminal_id": "INFO001",
      "terminal_ip": "192.168.1.102",
      "handshake_timeout": 10,
      "handshake_retries": 3,
      "terminal_output_mapping": {
        "INFO001": "sublane_1",
        "INFO002": "sublane_2"
      },
      "streaming_config": {
        "buffer_size": 1024,
        "chunk_timeout": 5,
        "end_detection": "marker_based"
      }
    },
    "infogenesis_sublane2": {
      "device_type": "infogenesis",
      "handshake_required": true,
      "protocol": "udp",
      "connection_type": "listen",
      "ip_connection": "192.168.1.103",
      "port_connection": 4356,
      "output_mapping": "sublane_2",
      "tcp_pipeline_host": "192.168.1.200",
      "tcp_pipeline_port": 9000,
      "transaction_timeout": 30,
      "terminal_id": "INFO002",
      "terminal_ip": "192.168.1.103",
      "handshake_timeout": 10,
      "handshake_retries": 3,
      "terminal_output_mapping": {
        "INFO001": "sublane_1",
        "INFO002": "sublane_2"
      },
      "streaming_config": {
        "buffer_size": 1024,
        "chunk_timeout": 5,
        "end_detection": "marker_based"
      }
    }
  },
  "pipeline_config": {
    "tcp_pipeline_host": "192.168.1.200",
    "tcp_pipeline_port": 9000,
    "connection_timeout": 5,
    "reconnect_attempts": 5,
    "reconnect_delay": 1,
    "ping_interval": 30
  },
  "streaming_config": {
    "default_buffer_size": 1024,
    "default_chunk_timeout": 5,
    "default_end_detection": "marker_based",
    "transaction_timeout": 30,
    "max_buffer_size": 8192
  }
} 